{
  "Total" : {
    "transaction" : "Total",
    "sampleCount" : 1000,
    "errorCount" : 0,
    "errorPct" : 0.0,
    "meanResTime" : 618.509,
    "medianResTime" : 593.0,
    "minResTime" : 528.0,
    "maxResTime" : 1392.0,
    "pct1ResTime" : 683.9,
    "pct2ResTime" : 767.8999999999999,
    "pct3ResTime" : 1238.88,
    "throughput" : 16.262278019905025,
    "receivedKBytesPerSec" : 10.688001081441488,
    "sentKBytesPerSec" : 3.9226393270669355
  },
  "HTTP Request" : {
    "transaction" : "HTTP Request",
    "sampleCount" : 1000,
    "errorCount" : 0,
    "errorPct" : 0.0,
    "meanResTime" : 618.509,
    "medianResTime" : 593.0,
    "minResTime" : 528.0,
    "maxResTime" : 1392.0,
    "pct1ResTime" : 683.9,
    "pct2ResTime" : 767.8999999999999,
    "pct3ResTime" : 1238.88,
    "throughput" : 16.262278019905025,
    "receivedKBytesPerSec" : 10.688001081441488,
    "sentKBytesPerSec" : 3.9226393270669355
  }
}