{
  "Total" : {
    "transaction" : "Total",
    "sampleCount" : 500,
    "errorCount" : 250,
    "errorPct" : 50.0,
    "meanResTime" : 137.04400000000015,
    "medianResTime" : 103.5,
    "minResTime" : 0.0,
    "maxResTime" : 646.0,
    "pct1ResTime" : 300.80000000000007,
    "pct2ResTime" : 338.0,
    "pct3ResTime" : 451.8000000000002,
    "throughput" : 9.957184108334165,
    "receivedKBytesPerSec" : 12.932670765707456,
    "sentKBytesPerSec" : 1.1668575126954097
  },
  "HTTP Request(api)" : {
    "transaction" : "HTTP Request(api)",
    "sampleCount" : 500,
    "errorCount" : 250,
    "errorPct" : 50.0,
    "meanResTime" : 137.04400000000015,
    "medianResTime" : 103.5,
    "minResTime" : 0.0,
    "maxResTime" : 646.0,
    "pct1ResTime" : 300.80000000000007,
    "pct2ResTime" : 338.0,
    "pct3ResTime" : 451.8000000000002,
    "throughput" : 9.957184108334165,
    "receivedKBytesPerSec" : 12.932670765707456,
    "sentKBytesPerSec" : 1.1668575126954097
  }
}